{
  "timestamp": "2025-12-17 08:28:59",
  "model_info": {},
  "training_info": {},
  "evaluation_metrics": {
    "per_class": {
      "1": {
        "precision": 0.7058823529411765,
        "recall": 0.7058823529411765,
        "f1_score": 0.7058823529411765
      },
      "2": {
        "precision": 0.5818181818181818,
        "recall": 0.8648648648648649,
        "f1_score": 0.6956521739130435
      }
    },
    "overall": {
      "mean_precision": 0.6438502673796791,
      "mean_recall": 0.7853736089030208,
      "mean_f1_score": 0.70076726342711,
      "mAP@0.5": 0.6438502673796791,
      "mAP@0.75": 0.3786096256684492,
      "mAP": 0.5112299465240642
    }
  },
  "detection_results": []
}