{
  "timestamp": "2025-12-17 07:39:24",
  "model_info": {
    "model_name": "Faster R-CNN ResNet50-FPN",
    "num_classes": 3,
    "num_parameters": 41081886,
    "device": "cuda"
  },
  "training_info": {
    "num_epochs": 30,
    "final_train_loss": 0.6128446757793427,
    "final_val_loss": null,
    "best_val_loss": null,
    "training_history": {
      "train_loss": [
        1.3063910255829494,
        0.9293666581312815,
        0.782045935591062,
        0.6652857611576716,
        0.6534725179274877,
        0.6291511977712313,
        0.626608687142531,
        0.6347717195749283,
        0.6249595259626707,
        0.611791710058848,
        0.6181916842857996,
        0.6152441849311193,
        0.6139550457398096,
        0.635017362733682,
        0.6013244825104872,
        0.6248095780611038,
        0.6102786337335905,
        0.6210700695713361,
        0.6301985556880633,
        0.6205427199602127,
        0.6313090895613035,
        0.6188118482629458,
        0.6252848505973816,
        0.6121726557612419,
        0.6268968557318052,
        0.6258714074889818,
        0.6299355005224546,
        0.6174084121982256,
        0.6183493509888649,
        0.6128446757793427
      ],
      "val_loss": [],
      "learning_rate": [
        0.005,
        0.005,
        0.005,
        0.0005,
        0.0005,
        0.0005,
        5e-05,
        5e-05,
        5e-05,
        5e-06,
        5e-06,
        5e-06,
        5.000000000000001e-07,
        5.000000000000001e-07,
        5.000000000000001e-07,
        5.000000000000001e-08,
        5.000000000000001e-08,
        5.000000000000001e-08,
        5.000000000000002e-09,
        5.000000000000002e-09,
        5.000000000000002e-09,
        5.000000000000002e-10,
        5.000000000000002e-10,
        5.000000000000002e-10,
        5.000000000000003e-11,
        5.000000000000003e-11,
        5.000000000000003e-11,
        5.000000000000003e-12,
        5.000000000000003e-12,
        5.000000000000003e-12
      ]
    }
  },
  "evaluation_metrics": {},
  "detection_results": []
}